{"points_2d": [[242, 296], [516, 294], [519, 74], [242, 79]], "points_3d": [[0.434, 0.0702, -0.03], [0.429, -0.119, -0.0269], [0.382, -0.108, 0.107], [0.387, 0.0632, 0.109]], "H": [[-1.2574784653322484e-05, 7.84479599224338e-06, 0.3756292103169401], [-0.0005973724701244798, -1.4077576153820326e-06, 0.20562266277437485], [3.918635552979601e-06, -0.0004631912007278896, 1.0]]}