{"points_2d": [[187, 298], [489, 289], [468, 133], [149, 135]], "points_3d": [[0.4266, 0.1084, -0.03159], [0.42537, -0.1036, -0.0254], [0.3924, -0.0823, 0.0744], [0.39119, 0.1315, 0.07439]], "H": [[3.387428956048394e-05, 7.759754378146365e-05, 0.3635804936711129], [-0.0006558449883896089, -1.6213833971039093e-05, 0.22734682498901077], [7.37729500299204e-05, -0.0003102896022276946, 1.0]]}