{"points_2d": [[215, 307], [493, 287], [466, 131], [209, 133]], "points_3d": [[0.4288, 0.0887, -0.0389], [0.4219, -0.1031, -0.0252], [0.395, -0.0808, 0.0746], [0.3917, 0.0921, 0.0745]], "H": [[0.00039690512691966116, 6.75372703926821e-05, 0.3570469056220156], [-0.0008494285230498111, -2.686115546578216e-05, 0.286671875672358], [0.0009630112515597782, -0.0004137482633414973, 1.0]]}